;brand_with_ref_no;count
0;Rolex__16013;4070
1;Rolex__16610;2035
2;Rolex__115210;2035
3;Rolex__16030;2035
4;Rolex__116264 Turn-O-Graph RTOG-W1699D8;2035
5;Breitling__A23322;1054
6;Breitling__A21330;692
7;Omega__231.10.44.52.06.001;656
8;Omega__2,15334E+13;656
9;Omega__232.30.46.21.01.003;656
10;Omega__231.10.42.21.01.001;656
11;Omega__231.10.42.21.01.002;656
12;Omega__3851.50.11;656
13;Omega__2232.30.00;656
14;Omega__231.13.44.50.06.001;656
15;Omega__145.022;656
16;Omega__2210.51.00;656
17;Omega__311.30.42.30.01.005;656
18;IWC__IW371445;610
19;Breitling__A17390;527
20;Breitling__A13019;527
21;Breitling__A1337111;527
22;Breitling__AB0510;527
23;Breitling__A13341;527
24;Breitling__A24322;527
25;Breitling__AB012012/BB01/436X;527
26;Breitling__C13356;527
27;Breitling__A13363;527
28;Cartier__WSNM0006;445
29;Cartier__2303;445
30;Cartier__1228;445
31;Cartier__W20038R3;445
32;Breitling__C13341;412
33;Patek Philippe__4226;316
34;IWC__371918;305
35;TAG Heuer__CR2080.FC6375;302
36;TAG Heuer__CAW2111;302
37;TAG Heuer__CV2A80.FC6256;302
38;TAG Heuer__CAT2016.BA0959;302
39;TAG Heuer__CAW2111.FC6183;302
40;TAG Heuer__CAM2111.FC6259;302
41;TAG Heuer__CAG7010.BA0254;302
42;TAG Heuer__RKZ6782;302
43;Hublot__139.10.6;298
44;Hublot__1106812;298
45;Hublot__1393.3.014;298
46;Audemars Piguet__6009. SA.O.424 27-2;262
47;Audemars Piguet__10667;262
48;Panerai__PAM 005;256
49;Panerai__BB 1644543;256
50;Panerai__PAM 00088;256
51;Panerai__PAM 024;256
52;Jaeger-LeCoultre__234.8.47;229
53;Jaeger-LeCoultre__1013883;229
54;Jaeger-LeCoultre__501;229
55;Maurice Lacroix__MP7218-SS001-110;228
56;Maurice Lacroix__MP7268-SS001-310;228
57;Longines__Condition: Pre-Owned Box and papers: No Reference: Movement: Quartz Functions: Case: 18k White Gold, factory diamond bezel. 38.4mm exclude crown X 4.9mm thin Dial: Matt gray with black stick markers Indications: Strap: Black Calf Leather , Longines Stainless steel buckle . Retail price: $ USD. FeelGoodWatches.com is not an authorized dealer for the brands offered, and we cannot advertise the watches we sell as new. The watches we sell are used, but some of them are unworn. There is no manufacturer�۪s warranty on this watch. We trust these timepieces to be of such high caliber that we warrant all watches we sell for a period of 1 year.;206
58;Longines__L31046266;206
59;Longines__L2.713.4.13.0;206
60;Tudor__79230DK;198
61;Chopard__168959-3002;165
62;Chopard__348168-4001;165
63;Chopard__27/8349-23;165
64;Chopard__378209-3003;165
65;Chopard__388531-3003;165
66;Chopard__288447;165
67;Zenith__18.2020.3001/01.C498;161
68;Zenith__03.2040.400/04.C496;161
69;Zenith__03.0510.4100/22.C492.GB;161
70;Zenith__03.1260.4021/73.m1260;161
71;Zenith__03.2017.681/27.C493;161
72;Zenith__03052068301c492;161
73;Zenith__03.0520.4021/75.C491;161
74;Zenith__02.0240.410/02.M241;161
75;Zenith__03.2040.400/21.c496;161
76;Zenith__03.0510.4100;161
77;Bell & Ross__BRV126-FLY-GMT/SCA;136
78;Ulysse Nardin__133-91;131
79;Ulysse Nardin__223-22;131
80;Ulysse Nardin__263-33-3-95;131
81;Ulysse Nardin__7031;131
82;Ulysse Nardin__263-33-3;131
83;Ulysse Nardin__263-90-3/91;131
84;Bulgari__DP42SCH;118
85;Bulgari__BB38GLCH;118
86;Bulgari__CH35G;118
87;Bulgari__BB 30 GSD;118
88;Bulgari__101870;118
89;Bulgari__100742 WBB33;118
90;Bulgari__102043;118
91;Bulgari__GMT40S;118
92;Breitling__A13370;115
93;Maurice Lacroix__MP6178-SS001-12E;114
94;Maurice Lacroix__MP7268-SS001-110;114
95;Maurice Lacroix__16870;114
96;Maurice Lacroix__MP7218-SS001-310;114
97;Maurice Lacroix__MP6388;114
98;Maurice Lacroix__MP7068-SS001-191;114
99;Maurice Lacroix__MP7098-SS001-120;114
100;Franck Muller__2852;108
101;Oris__90876074051MB;107
102;Oris__01 111 770 4063-Set 1 23 72 FC;107
103;Oris__01 396 7580 6051-Set;107
104;Baume & Mercier__MOA08084;102
105;Baume & Mercier__n/a;102
106;Baume & Mercier__97251/9;102
107;Tudor__79620N;99
108;Tudor__70330;99
109;Tudor__25610TNL;99
110;Tudor__42000CN-ALCANTARA;99
111;Tudor__25600TB;99
112;Tudor__42000CR;99
113;Tudor__20550N;99
114;Tudor__42010N-RUBBER-RED;99
115;Tudor__T55020A;99
116;Tudor__42010N;99
117;Tudor__70330N;99
118;Tudor__70330B;99
119;Seiko__SBGJ019;94
120;Seiko__SBGJ017G;94
121;Seiko__STGF079;94
122;Seiko__SBGH005;94
123;Seiko__SBGH001;94
124;Seiko__SGBE005;94
125;Vacheron Constantin__163126;88
126;Vacheron Constantin__16514/967M-7;88
127;Blancpain__6553-1418-58;69
128;Blancpain__1151-1418-55;69
129;Bell & Ross__BR01-94-BL-CA;68
130;Bell & Ross__BR01-92;68
131;Bell & Ross__BR01-94;68
132;Bell & Ross__BRG126-WH-ST/SCR;68
133;Bell & Ross__BR07-92;68
134;Rado__R12829163;66
135;Rado__R13578862;66
136;Rado__R20757752;66
137;Rado__R13.337.72.1;66
138;Ebel__9157428;64
139;Ebel__8057902;64
140;Ebel__884960;64
141;Montblanc__111874;63
142;Montblanc__107070;63
143;Montblanc__111012;63
144;Girard Perregaux__4946;63
145;Girard Perregaux__49960-19-631-FK6A;63
146;Montblanc__29015;63
147;Montblanc__8466;63
148;Montblanc__113705;63
149;Montblanc__109136;63
